[
  {
    "id": "5c14dc4e86fee11ee24688c7",
    "title": {
      "pl": "PL Mollit labore incididunt fugiat est occaecat officia incididunt proident dolor aliqua nisi anim veniam.",
      "en": "EN Aute et irure adipisicing do tempor."
    },
    "poster": "https://picsum.photos/300/300/?random&189",
    "rating": 2,
    "generes": "Action",
    "description": {
      "pl": "PL Occaecat ex magna laboris eu aute eiusmod aliqua sunt exercitation pariatur in adipisicing Lorem tempor. Aliqua ut sint excepteur amet velit. Ex cillum cillum excepteur sunt tempor non.\r\n",
      "en": "EN Ea ea proident deserunt dolor aliqua aliquip commodo excepteur ipsum. Proident dolor amet sit ipsum irure fugiat anim consequat ipsum qui ex id irure. Enim ad ad laboris ex minim excepteur consectetur ullamco adipisicing qui proident. Tempor enim cupidatat dolore duis dolor in aliquip enim esse aute mollit id.\r\n"
    }
  },
  {
    "id": "5c14dc4e2c5eb279e70d6232",
    "title": {
      "pl": "PL Duis reprehenderit minim eu velit.",
      "en": "EN Ea ullamco sunt mollit pariatur dolore irure ex id sunt qui deserunt."
    },
    "poster": "https://picsum.photos/300/300/?random&37",
    "rating": 5,
    "generes": "Drama",
    "description": {
      "pl": "PL Nulla amet mollit irure officia elit ut eu minim commodo nisi sit. Aute voluptate anim fugiat ut elit consectetur occaecat esse pariatur proident fugiat magna. Consequat veniam aliqua dolor reprehenderit.\r\n",
      "en": "EN Irure reprehenderit ea Lorem irure ea non labore occaecat incididunt duis commodo. Adipisicing mollit do esse minim cupidatat elit cillum ipsum amet sint in esse labore. Laborum esse sunt laboris qui in occaecat non ad consectetur ipsum veniam. Velit ipsum ullamco est sit reprehenderit labore. Consectetur ad ut consectetur elit sit veniam adipisicing ut.\r\n"
    }
  },
  {
    "id": "5c14dc4e8a57422d40fa2b1c",
    "title": {
      "pl": "PL Laborum aute pariatur irure in esse magna est nulla esse consequat irure ex laborum dolore.",
      "en": "EN Id duis tempor aliqua nisi in cillum occaecat exercitation esse ut esse commodo."
    },
    "poster": "https://picsum.photos/300/300/?random&156",
    "rating": 5,
    "generes": "Action",
    "description": {
      "pl": "PL Aliquip amet elit ullamco sint laboris sint elit ut adipisicing pariatur nostrud mollit aute culpa. Consectetur labore ipsum nisi cupidatat proident. Velit occaecat commodo sunt eiusmod. Occaecat mollit cupidatat laborum voluptate proident et ut ad amet fugiat aliquip.\r\n",
      "en": "EN Incididunt ipsum excepteur excepteur enim Lorem nisi culpa aliquip. Dolor incididunt ullamco ea enim cupidatat consectetur reprehenderit enim Lorem ipsum. Irure culpa cillum nulla ad enim ut sunt do.\r\n"
    }
  },
  {
    "id": "5c14dc4e790a4029a9dad555",
    "title": {
      "pl": "PL Aliquip nulla et fugiat laboris deserunt exercitation ut sunt velit.",
      "en": "EN Aute adipisicing ad reprehenderit proident ad ut labore consectetur sint est nostrud cillum sint voluptate."
    },
    "poster": "https://picsum.photos/300/300/?random&176",
    "rating": 9,
    "generes": "Action",
    "description": {
      "pl": "PL Veniam elit elit enim anim sit cillum in cillum velit. Laborum ad aute eiusmod mollit veniam deserunt. Duis est mollit ex mollit eu fugiat do enim ad voluptate ut. Lorem ipsum nulla sint proident veniam laborum excepteur voluptate non minim aliquip do pariatur cupidatat.\r\n",
      "en": "EN Et occaecat aliqua culpa irure cupidatat cupidatat aliquip eiusmod non est duis tempor. Ea do ullamco amet minim exercitation cillum sunt dolore cupidatat. Laboris exercitation adipisicing officia nisi. Commodo ea sit ea pariatur exercitation Lorem mollit mollit cillum ad aliqua dolor.\r\n"
    }
  },
  {
    "id": "5c14dc4e9d5ad4bcef179f86",
    "title": {
      "pl": "PL Lorem cupidatat aliquip irure laboris et minim dolor et.",
      "en": "EN Laborum est proident irure ullamco velit fugiat eu."
    },
    "poster": "https://picsum.photos/300/300/?random&99",
    "rating": 3,
    "generes": "Adventure",
    "description": {
      "pl": "PL Aliqua est nulla sint nulla reprehenderit aliquip. Qui magna incididunt aliqua cupidatat. Incididunt dolor cillum aliquip voluptate eu ut consectetur dolor in cupidatat proident cupidatat cupidatat excepteur.\r\n",
      "en": "EN Ex enim ipsum duis irure eiusmod. Laborum irure eiusmod pariatur velit Lorem proident cillum sint. Veniam nulla magna ut est ad ut anim mollit.\r\n"
    }
  },
  {
    "id": "5c14dc4e432b28717020304d",
    "title": {
      "pl": "PL Non irure culpa et esse et Lorem labore velit ex exercitation mollit veniam.",
      "en": "EN Duis ea reprehenderit cupidatat reprehenderit incididunt anim aute excepteur ut duis."
    },
    "poster": "https://picsum.photos/300/300/?random&146",
    "rating": 3,
    "generes": "Comedy",
    "description": {
      "pl": "PL Fugiat aliqua nisi nisi Lorem et in veniam. Ad velit exercitation pariatur exercitation cupidatat nulla ex cillum nostrud. Veniam magna do nostrud esse pariatur fugiat cupidatat id labore fugiat fugiat reprehenderit excepteur. Laboris non ad aute magna Lorem veniam nostrud tempor tempor ex. Anim id anim nostrud ad ullamco aliqua anim eu consequat qui irure ut laborum pariatur. Aliquip exercitation dolor ut et dolor aute qui laborum fugiat ea aute adipisicing minim. Ipsum Lorem irure officia cillum id ex tempor ea elit fugiat laborum dolore fugiat officia.\r\n",
      "en": "EN Pariatur veniam et officia quis. Esse quis Lorem aliquip occaecat nostrud. Duis minim minim eiusmod deserunt anim laborum commodo cillum laboris voluptate Lorem labore.\r\n"
    }
  },
  {
    "id": "5c14dc4ed7a64e05fed10f4c",
    "title": {
      "pl": "PL Nostrud anim deserunt nulla labore tempor ea non mollit.",
      "en": "EN Adipisicing ad ut voluptate magna ex aliqua elit aute."
    },
    "poster": "https://picsum.photos/300/300/?random&66",
    "rating": 5,
    "generes": "Action",
    "description": {
      "pl": "PL Dolore eiusmod laboris veniam ad fugiat irure do ex ea cupidatat. Ullamco quis veniam nisi est consectetur anim culpa sint. Eiusmod fugiat aute Lorem anim qui irure amet ullamco. Occaecat quis aliquip labore incididunt occaecat laborum deserunt dolore adipisicing velit elit. Id aute et nostrud nisi sint nostrud laboris nulla voluptate pariatur laborum. Irure nisi elit nulla eu irure labore.\r\n",
      "en": "EN Velit proident anim ex veniam velit ad enim fugiat eiusmod Lorem exercitation nulla ullamco officia. Aliquip sunt nulla amet qui exercitation enim reprehenderit sunt pariatur consequat ad dolore. Sunt veniam fugiat fugiat ipsum labore eiusmod ullamco proident. Dolore aliquip occaecat pariatur ad aute elit ad magna. Adipisicing commodo aliquip minim laborum laborum nulla consectetur aute. Anim cupidatat laborum ex amet ea. Amet quis enim excepteur irure irure.\r\n"
    }
  },
  {
    "id": "5c14dc4ef92b6ce0fe5c3c1c",
    "title": {
      "pl": "PL Sint aute incididunt consequat tempor ipsum elit consectetur aliquip ea laboris.",
      "en": "EN Culpa ad duis sint cupidatat laboris magna et officia esse laborum sit."
    },
    "poster": "https://picsum.photos/300/300/?random&66",
    "rating": 4,
    "generes": "Drama",
    "description": {
      "pl": "PL Exercitation enim ut sint amet cillum consequat labore non laboris id nisi nisi consectetur. Eiusmod tempor eu eu pariatur veniam exercitation Lorem sunt. Et sit labore fugiat nulla officia sint velit cupidatat qui irure. Cillum do nulla exercitation irure nisi duis ut. Id labore mollit nulla non dolore Lorem ipsum sint irure minim.\r\n",
      "en": "EN Esse labore dolore enim Lorem sint occaecat incididunt. Dolor nulla magna proident laborum. Excepteur sint exercitation sint dolor irure aliquip irure. Aliqua nulla nulla occaecat deserunt dolor reprehenderit adipisicing. Nulla consectetur incididunt ut consequat laborum qui aliqua labore id aute duis sunt tempor id.\r\n"
    }
  },
  {
    "id": "5c14dc4e0b39a7fa7c7556f7",
    "title": {
      "pl": "PL Consectetur et sunt ut aute cillum consequat amet aliqua laboris excepteur id officia reprehenderit nisi.",
      "en": "EN Et ex non sunt eiusmod consectetur cupidatat magna tempor et."
    },
    "poster": "https://picsum.photos/300/300/?random&136",
    "rating": 1,
    "generes": "Drama",
    "description": {
      "pl": "PL Officia cupidatat aliquip tempor laborum cupidatat dolore ea cillum ea amet adipisicing. Lorem nulla Lorem enim elit nostrud culpa qui veniam. Velit minim cupidatat non fugiat elit quis magna. Id excepteur sint elit officia nisi cupidatat aliquip sit aliquip proident occaecat ipsum enim amet. Sunt fugiat nostrud proident dolor culpa duis quis esse labore duis reprehenderit. Officia pariatur ut dolore elit pariatur sint consequat sunt reprehenderit elit magna ad proident.\r\n",
      "en": "EN Proident irure adipisicing ad do dolore velit ea proident qui culpa officia quis magna laboris. Ipsum laborum velit cillum enim duis aliqua exercitation laboris irure reprehenderit. Ut et dolore quis ipsum nisi esse excepteur laboris consequat laborum. Ex excepteur est commodo et nisi duis enim cillum consectetur reprehenderit deserunt non id.\r\n"
    }
  },
  {
    "id": "5c14dc4e6293d30ba3f924d6",
    "title": {
      "pl": "PL Ea sunt exercitation anim Lorem exercitation occaecat ipsum cupidatat reprehenderit duis id exercitation.",
      "en": "EN Eu nostrud Lorem eiusmod in incididunt amet."
    },
    "poster": "https://picsum.photos/300/300/?random&45",
    "rating": 4,
    "generes": "Action",
    "description": {
      "pl": "PL In veniam anim reprehenderit fugiat veniam esse fugiat cupidatat labore exercitation aliqua. Exercitation voluptate aliquip voluptate ipsum reprehenderit dolor aute aliquip. Cillum pariatur ut cupidatat exercitation tempor.\r\n",
      "en": "EN Aute ut nostrud amet dolore mollit eiusmod sunt adipisicing ullamco aliqua duis do amet voluptate. Officia veniam enim esse aliquip officia mollit. Proident ex proident eu do. Adipisicing incididunt velit et ullamco. Magna nulla irure aliquip commodo voluptate Lorem enim pariatur minim dolore tempor in. Magna nisi nulla eu sunt excepteur. Esse aute eu labore ut id sint elit sint fugiat velit quis sit.\r\n"
    }
  },
  {
    "id": "5c14dc4e0bf3addd788fc3e5",
    "title": {
      "pl": "PL Labore consectetur occaecat aliqua aliquip qui.",
      "en": "EN Ex laboris duis culpa velit."
    },
    "poster": "https://picsum.photos/300/300/?random&105",
    "rating": 10,
    "generes": "Adventure",
    "description": {
      "pl": "PL Aliqua ea enim ipsum et amet eiusmod excepteur incididunt labore culpa. Minim in ullamco dolor incididunt cillum ea qui. Aliquip ad incididunt quis nisi exercitation fugiat proident sunt nisi Lorem esse.\r\n",
      "en": "EN Pariatur nulla do culpa reprehenderit exercitation eu Lorem Lorem tempor enim commodo adipisicing deserunt. Magna nulla id ad eiusmod et anim. Eu cupidatat ut minim deserunt velit pariatur voluptate cupidatat. Reprehenderit est do minim labore in ipsum irure voluptate sint tempor in dolore. Sunt consectetur aute ipsum pariatur irure tempor qui aliquip tempor ullamco ipsum.\r\n"
    }
  },
  {
    "id": "5c14dc4ef170f05b8599b6fc",
    "title": {
      "pl": "PL Tempor dolore non anim aute dolore ea mollit est.",
      "en": "EN Consequat officia anim minim consectetur tempor enim aliquip ut."
    },
    "poster": "https://picsum.photos/300/300/?random&110",
    "rating": 6,
    "generes": "Adventure",
    "description": {
      "pl": "PL Pariatur labore fugiat labore do nulla deserunt. Aliquip minim incididunt ipsum dolor esse minim adipisicing incididunt deserunt ex cillum duis. Quis laboris minim veniam excepteur ad incididunt minim. Deserunt tempor cillum proident esse.\r\n",
      "en": "EN Dolor labore et fugiat adipisicing sunt excepteur cupidatat aliquip mollit consequat amet velit. Cupidatat magna mollit occaecat consectetur non nulla laboris incididunt mollit minim voluptate et nulla aliqua. Laboris in ipsum duis aliquip ad eiusmod dolore exercitation laboris duis laboris ut. Dolore deserunt do incididunt ullamco nisi eu. Aliqua eu aliquip dolor esse incididunt.\r\n"
    }
  },
  {
    "id": "5c14dc4e821a521b311aa4d4",
    "title": {
      "pl": "PL Eu non id laborum labore ad in ad esse deserunt magna.",
      "en": "EN Velit consequat ad elit nostrud commodo reprehenderit tempor enim reprehenderit cupidatat qui."
    },
    "poster": "https://picsum.photos/300/300/?random&183",
    "rating": 1,
    "generes": "Comedy",
    "description": {
      "pl": "PL Anim sunt Lorem consequat adipisicing elit esse Lorem cillum et anim sit irure. Magna culpa non deserunt nulla laborum. Culpa ullamco pariatur sit aute adipisicing ullamco elit ea. Ea esse tempor sunt eu laborum proident esse deserunt anim officia officia. Voluptate anim culpa magna nostrud ipsum sunt culpa.\r\n",
      "en": "EN Nostrud cillum proident excepteur excepteur nisi velit laborum deserunt occaecat tempor sit Lorem proident velit. Sint exercitation ullamco laboris qui non cillum minim ut anim ipsum eiusmod officia cillum qui. Consectetur mollit velit aliquip aliqua dolor elit labore. Aute do duis Lorem cillum anim velit cillum ullamco est adipisicing exercitation id sunt. Aliqua duis anim et sint labore commodo ad nulla fugiat.\r\n"
    }
  },
  {
    "id": "5c14dc4ec715c645f6905293",
    "title": {
      "pl": "PL Excepteur do duis labore dolor aliqua culpa.",
      "en": "EN Laboris ea adipisicing esse ut voluptate id laborum mollit."
    },
    "poster": "https://picsum.photos/300/300/?random&144",
    "rating": 10,
    "generes": "Comedy",
    "description": {
      "pl": "PL Enim sunt culpa cillum nulla minim dolor ullamco laboris quis dolor aliquip eu pariatur do. Tempor nulla dolor in in mollit in laborum laborum ipsum deserunt eu exercitation laborum. Excepteur amet exercitation reprehenderit in fugiat cillum sunt. Aliqua id cillum et velit ea commodo voluptate sunt aliquip. In id velit Lorem pariatur velit velit culpa consectetur non est sint quis est. Non occaecat consequat laborum ad non ex nostrud.\r\n",
      "en": "EN Labore duis fugiat consequat ipsum occaecat veniam quis excepteur. Do mollit magna nisi nisi incididunt est ut aute qui. Excepteur ex labore nostrud in reprehenderit do ad duis aliqua ullamco labore reprehenderit. Dolor ad exercitation laborum adipisicing velit duis ut laborum reprehenderit consectetur et excepteur aute. Laboris id amet nulla ipsum ipsum qui aliqua Lorem enim ut. Do veniam dolore reprehenderit eiusmod sint aute labore magna ullamco aute. Et dolor non amet proident duis sunt proident eiusmod officia voluptate.\r\n"
    }
  },
  {
    "id": "5c14dc4e1d097c795e9924fc",
    "title": {
      "pl": "PL Laborum commodo do ut velit sunt dolor quis laboris labore irure culpa officia quis ipsum.",
      "en": "EN Minim reprehenderit velit irure nulla incididunt ad veniam reprehenderit aute quis sunt tempor culpa."
    },
    "poster": "https://picsum.photos/300/300/?random&187",
    "rating": 2,
    "generes": "Action",
    "description": {
      "pl": "PL Eiusmod irure dolor aute fugiat do excepteur enim. Tempor consectetur ad magna Lorem Lorem cillum laboris. Laborum ex sunt ipsum eu proident aute aliqua nulla duis. Pariatur sunt mollit aliqua magna id mollit adipisicing id non deserunt amet.\r\n",
      "en": "EN Exercitation sunt quis fugiat cillum ea magna magna eiusmod proident proident exercitation reprehenderit. Excepteur nostrud commodo elit nostrud incididunt velit. Consequat mollit Lorem in minim aliquip ut consequat elit qui.\r\n"
    }
  },
  {
    "id": "5c14dc4e8c6b0982f557020a",
    "title": {
      "pl": "PL Et reprehenderit proident occaecat nisi duis aute proident nulla sint nisi aliqua esse voluptate anim.",
      "en": "EN Est cillum labore sit culpa."
    },
    "poster": "https://picsum.photos/300/300/?random&154",
    "rating": 0,
    "generes": "Comedy",
    "description": {
      "pl": "PL In ut irure sint irure ullamco in esse ut laborum laboris. Exercitation ullamco est elit dolor est dolore ipsum pariatur minim. Laboris nisi culpa aliqua cupidatat proident anim adipisicing reprehenderit fugiat cupidatat amet et cupidatat. Nulla id aliquip labore culpa exercitation enim velit cillum proident proident aute. Est laboris tempor consectetur quis occaecat proident. Nisi incididunt dolore fugiat nostrud deserunt reprehenderit.\r\n",
      "en": "EN Dolor do commodo nostrud officia excepteur nulla et est veniam ea anim fugiat reprehenderit laboris. Cupidatat ipsum labore mollit sunt magna adipisicing fugiat ad. Do in excepteur dolore amet nulla dolor culpa elit dolor pariatur nisi nisi aliqua. Duis velit consectetur aute elit velit fugiat laboris enim esse mollit. Proident labore consectetur est excepteur qui ullamco irure officia.\r\n"
    }
  },
  {
    "id": "5c14dc4eab2c615bd0b36922",
    "title": {
      "pl": "PL In nostrud tempor non anim nisi aliquip sit sunt id anim.",
      "en": "EN Veniam cillum ullamco duis aliqua cillum qui dolore sint commodo anim est ea minim."
    },
    "poster": "https://picsum.photos/300/300/?random&89",
    "rating": 9,
    "generes": "Adventure",
    "description": {
      "pl": "PL Occaecat irure id laborum eiusmod id sint excepteur adipisicing. Deserunt mollit duis excepteur eu. Ex cillum veniam quis enim commodo ex ea. Esse deserunt sint est in id in voluptate cillum deserunt ipsum pariatur incididunt aliqua qui. Mollit occaecat fugiat sit eiusmod ullamco ut laboris reprehenderit dolor id. Ea deserunt mollit reprehenderit anim et. Commodo fugiat do pariatur dolor pariatur excepteur deserunt.\r\n",
      "en": "EN Nulla culpa deserunt nulla irure ullamco ipsum sunt excepteur incididunt exercitation cillum occaecat elit. Anim et excepteur laboris minim eu consectetur fugiat elit excepteur proident. Velit reprehenderit id ad voluptate nulla ut anim. Proident tempor sunt sint proident mollit sunt. Irure minim dolore consectetur fugiat in duis eiusmod sunt excepteur. Excepteur eiusmod proident sint nulla eiusmod reprehenderit esse.\r\n"
    }
  },
  {
    "id": "5c14dc4e9b5f92474cc7cf91",
    "title": {
      "pl": "PL Esse laboris nostrud reprehenderit sint laborum velit labore aute voluptate.",
      "en": "EN Enim ullamco ullamco qui voluptate culpa amet reprehenderit reprehenderit irure minim."
    },
    "poster": "https://picsum.photos/300/300/?random&107",
    "rating": 9,
    "generes": "Drama",
    "description": {
      "pl": "PL Officia aute ut adipisicing cupidatat quis nostrud. Cillum aute mollit et magna cillum quis sit. Irure labore elit veniam eu enim ad pariatur ex et est. Nulla enim laborum aliquip labore fugiat consequat qui mollit. Sit in quis excepteur adipisicing do fugiat reprehenderit amet ipsum ea cillum. Cupidatat voluptate sint amet ut elit ullamco mollit aliqua id mollit qui.\r\n",
      "en": "EN Do aliqua occaecat in velit voluptate Lorem ad id adipisicing reprehenderit sit ullamco consectetur excepteur. Anim eiusmod ad exercitation non labore. Officia eiusmod velit fugiat eu deserunt occaecat amet qui dolore ea fugiat. Irure magna sint exercitation aliquip aute voluptate tempor cupidatat eiusmod elit enim in est laboris.\r\n"
    }
  },
  {
    "id": "5c14dc4e2199757cee2ed5b3",
    "title": {
      "pl": "PL Ad eu pariatur et ipsum quis non deserunt.",
      "en": "EN Fugiat cillum laborum duis aliquip esse culpa anim sint id sit sit irure tempor qui."
    },
    "poster": "https://picsum.photos/300/300/?random&61",
    "rating": 3,
    "generes": "Drama",
    "description": {
      "pl": "PL Mollit ipsum ipsum dolore amet incididunt aliquip magna. Ipsum excepteur amet reprehenderit nulla veniam quis dolore ex nisi occaecat laboris nisi ipsum. Officia labore officia do do nostrud magna est aliqua. Dolore adipisicing dolore cupidatat laborum laborum in sint. Aliqua magna ullamco cupidatat cupidatat esse nisi ut veniam.\r\n",
      "en": "EN Id non commodo cupidatat mollit. Excepteur voluptate et labore fugiat consequat quis. Consequat do aute esse laboris est nisi excepteur reprehenderit. Ut id ut velit minim ullamco dolor incididunt. Incididunt voluptate dolore sint est reprehenderit id. Anim amet minim aliquip culpa deserunt aliqua labore amet tempor nisi duis id qui magna. Ut sint cillum do anim anim anim occaecat elit elit deserunt eiusmod nostrud laboris.\r\n"
    }
  },
  {
    "id": "5c14dc4e47aaa289e5afbc9f",
    "title": {
      "pl": "PL Ex culpa nisi qui commodo tempor elit commodo mollit magna nulla pariatur dolor exercitation.",
      "en": "EN Ad esse eiusmod velit deserunt ad eu consequat quis quis eiusmod."
    },
    "poster": "https://picsum.photos/300/300/?random&71",
    "rating": 5,
    "generes": "Action",
    "description": {
      "pl": "PL Deserunt ad minim exercitation commodo non exercitation enim proident reprehenderit incididunt laboris. Tempor culpa consectetur sit dolore consectetur consectetur nostrud. Adipisicing ipsum voluptate enim consequat esse.\r\n",
      "en": "EN Commodo tempor pariatur sint voluptate id pariatur veniam ipsum officia ut qui adipisicing. Aliqua anim deserunt quis ad amet do enim Lorem culpa commodo deserunt irure incididunt eiusmod. Adipisicing occaecat id cillum occaecat in tempor aliquip labore duis aliqua commodo eu. Elit dolore nostrud esse consectetur exercitation fugiat.\r\n"
    }
  },
  {
    "id": "5c14dc4e2f30c436c6d8b236",
    "title": {
      "pl": "PL Ipsum nulla duis consectetur mollit adipisicing commodo nostrud mollit laboris.",
      "en": "EN Fugiat laborum quis Lorem nulla id duis."
    },
    "poster": "https://picsum.photos/300/300/?random&16",
    "rating": 2,
    "generes": "Comedy",
    "description": {
      "pl": "PL Anim qui cillum laborum voluptate velit voluptate enim qui exercitation irure excepteur fugiat. Duis voluptate id incididunt culpa est sit non sint sint. Aliquip non incididunt proident excepteur aliqua exercitation eiusmod ad aute consequat ea. Ipsum anim quis Lorem voluptate adipisicing veniam. Et labore minim pariatur dolore voluptate proident esse deserunt exercitation.\r\n",
      "en": "EN In aliqua id quis eu non nulla qui exercitation proident et fugiat cupidatat velit laborum. Magna ex velit voluptate adipisicing excepteur anim cillum aute officia reprehenderit consectetur eiusmod. Cillum elit dolor pariatur cillum voluptate Lorem ad adipisicing dolor magna sunt aute esse dolore. Ullamco est duis nisi incididunt elit eiusmod ea duis dolore. In deserunt cupidatat aliqua proident aute consectetur. Ea dolor cillum dolore eu magna ea in eu. Excepteur ad aliquip irure quis nisi.\r\n"
    }
  },
  {
    "id": "5c14dc4e950cfa524ce6b461",
    "title": {
      "pl": "PL Labore eiusmod elit occaecat enim do eu voluptate tempor nulla mollit enim dolore non.",
      "en": "EN Duis amet quis consectetur cillum labore nisi duis voluptate."
    },
    "poster": "https://picsum.photos/300/300/?random&60",
    "rating": 6,
    "generes": "Adventure",
    "description": {
      "pl": "PL Cupidatat dolor voluptate pariatur nisi dolore aliquip eu incididunt. Ut elit do voluptate mollit. Eiusmod sunt ullamco laborum id mollit qui deserunt.\r\n",
      "en": "EN Elit sint reprehenderit minim duis enim irure excepteur elit commodo dolore esse exercitation sint. Sit nostrud consectetur enim voluptate irure ea pariatur aute cupidatat ipsum. Ex dolore mollit dolor aute non minim. Dolor nulla incididunt enim est proident laborum incididunt nulla culpa eiusmod consequat. Velit minim non adipisicing laborum officia aliquip mollit consequat duis occaecat. Commodo eiusmod aliqua quis consequat commodo sit eiusmod qui cupidatat ut magna. Deserunt officia occaecat anim commodo in aliqua excepteur adipisicing consectetur velit adipisicing ea aliqua id.\r\n"
    }
  },
  {
    "id": "5c14dc4e0f52c5cf699c79a9",
    "title": {
      "pl": "PL Ullamco ipsum enim fugiat adipisicing excepteur minim qui adipisicing nisi aliqua eu.",
      "en": "EN Esse minim pariatur adipisicing aute."
    },
    "poster": "https://picsum.photos/300/300/?random&141",
    "rating": 6,
    "generes": "Adventure",
    "description": {
      "pl": "PL Nisi nostrud sunt ea labore reprehenderit veniam. Duis Lorem quis amet aliquip amet commodo ipsum aliquip cillum laborum consectetur laborum. Laboris ipsum id ullamco mollit dolor anim anim exercitation pariatur reprehenderit labore.\r\n",
      "en": "EN Anim esse labore ex qui cillum. Quis quis ullamco magna exercitation adipisicing nulla eiusmod id cupidatat. Et ipsum Lorem Lorem ut eu est quis esse laboris.\r\n"
    }
  },
  {
    "id": "5c14dc4eb975a8093c5562b9",
    "title": {
      "pl": "PL Proident velit dolor cupidatat pariatur sunt.",
      "en": "EN Culpa consequat ut fugiat pariatur deserunt est ut eu dolore laborum fugiat."
    },
    "poster": "https://picsum.photos/300/300/?random&143",
    "rating": 9,
    "generes": "Adventure",
    "description": {
      "pl": "PL Esse labore eiusmod adipisicing enim culpa amet aliqua nulla deserunt voluptate tempor incididunt. Ex laborum proident sunt non est incididunt sint. Ex qui sit tempor officia non. Est sit veniam amet quis enim. Esse ex id proident adipisicing est consectetur id consequat velit amet. Aliquip fugiat quis sunt proident dolor Lorem Lorem consequat.\r\n",
      "en": "EN Ea sunt dolore duis mollit consectetur ipsum sit amet dolor adipisicing incididunt nostrud duis sunt. Lorem incididunt id aute commodo elit. Commodo anim cillum nisi nulla ut ea reprehenderit tempor est. Commodo anim magna et irure ut excepteur quis non est velit sint pariatur veniam qui. Sunt ad et non ea.\r\n"
    }
  },
  {
    "id": "5c14dc4e2fc6f5ad3ca062d5",
    "title": {
      "pl": "PL In exercitation cillum in ex labore nostrud.",
      "en": "EN Consequat est pariatur cupidatat velit pariatur commodo exercitation tempor consectetur excepteur."
    },
    "poster": "https://picsum.photos/300/300/?random&87",
    "rating": 8,
    "generes": "Drama",
    "description": {
      "pl": "PL Ullamco mollit consequat sunt in voluptate ex irure tempor exercitation est dolor. Sit incididunt culpa ipsum id amet cupidatat. Dolore in id ut ipsum tempor non pariatur nostrud exercitation. Laboris sunt labore proident ullamco non qui non duis consequat. Occaecat qui nostrud nostrud laboris laborum magna ad Lorem voluptate. Proident laboris voluptate amet aute. Do enim fugiat excepteur irure dolore veniam ad sunt amet eu ex.\r\n",
      "en": "EN Ad quis enim proident proident deserunt voluptate eiusmod veniam enim ut veniam. Ut reprehenderit proident ullamco esse proident id nulla cillum et. Irure veniam laboris veniam do consectetur ut ullamco labore id aliqua qui. Proident officia laborum qui laboris consequat officia.\r\n"
    }
  }
]